-- phpMyAdmin SQL Dump
-- version 5.2.1
-- https://www.phpmyadmin.net/
--
-- Servidor: 127.0.0.1
-- Tiempo de generación: 02-06-2025 a las 01:55:48
-- Versión del servidor: 10.4.32-MariaDB
-- Versión de PHP: 8.2.12

SET SQL_MODE = "NO_AUTO_VALUE_ON_ZERO";
START TRANSACTION;
SET time_zone = "+00:00";


/*!40101 SET @OLD_CHARACTER_SET_CLIENT=@@CHARACTER_SET_CLIENT */;
/*!40101 SET @OLD_CHARACTER_SET_RESULTS=@@CHARACTER_SET_RESULTS */;
/*!40101 SET @OLD_COLLATION_CONNECTION=@@COLLATION_CONNECTION */;
/*!40101 SET NAMES utf8mb4 */;

--
-- Base de datos: `v_farmacia`
--

-- --------------------------------------------------------

--
-- Estructura de tabla para la tabla `cliente`
--

CREATE TABLE `cliente` (
  `idcliente` int(11) NOT NULL,
  `nombre` varchar(100) NOT NULL,
  `telefono` varchar(15) NOT NULL,
  `direccion` varchar(200) NOT NULL
) ENGINE=InnoDB DEFAULT CHARSET=utf8 COLLATE=utf8_spanish_ci;

--
-- Volcado de datos para la tabla `cliente`
--

INSERT INTO `cliente` (`idcliente`, `nombre`, `telefono`, `direccion`) VALUES
(1, 'jhonny', '76554', 'av. sur'),
(2, 'fabian', '76546', 'av');

-- --------------------------------------------------------

--
-- Estructura de tabla para la tabla `configuracion`
--

CREATE TABLE `configuracion` (
  `id` int(11) NOT NULL,
  `nombre` varchar(100) NOT NULL,
  `telefono` varchar(15) NOT NULL,
  `email` varchar(100) NOT NULL,
  `direccion` text NOT NULL
) ENGINE=InnoDB DEFAULT CHARSET=utf8 COLLATE=utf8_spanish_ci;

--
-- Volcado de datos para la tabla `configuracion`
--

INSERT INTO `configuracion` (`id`, `nombre`, `telefono`, `email`, `direccion`) VALUES
(1, 'Sistema de Farmacia', '75602332', 'farmacia.info@gmail.com', 'Santa Cruz');

-- --------------------------------------------------------

--
-- Estructura de tabla para la tabla `detalle_permisos`
--

CREATE TABLE `detalle_permisos` (
  `id` int(11) NOT NULL,
  `id_permiso` int(11) NOT NULL,
  `id_usuario` int(11) NOT NULL
) ENGINE=InnoDB DEFAULT CHARSET=utf8mb4 COLLATE=utf8mb4_general_ci;

--
-- Volcado de datos para la tabla `detalle_permisos`
--

INSERT INTO `detalle_permisos` (`id`, `id_permiso`, `id_usuario`) VALUES
(1, 10, 1),
(3, 2, 12),
(4, 3, 12),
(5, 10, 12);

-- --------------------------------------------------------

--
-- Estructura de tabla para la tabla `detalle_temp`
--

CREATE TABLE `detalle_temp` (
  `id` int(11) NOT NULL,
  `id_usuario` int(11) NOT NULL,
  `id_producto` int(11) NOT NULL,
  `cantidad` int(11) NOT NULL,
  `descuento` decimal(10,2) NOT NULL DEFAULT 0.00,
  `precio_venta` decimal(10,2) NOT NULL,
  `total` decimal(10,2) NOT NULL
) ENGINE=InnoDB DEFAULT CHARSET=utf8 COLLATE=utf8_spanish_ci;

-- --------------------------------------------------------

--
-- Estructura de tabla para la tabla `detalle_venta`
--

CREATE TABLE `detalle_venta` (
  `id` int(11) NOT NULL,
  `id_producto` int(11) NOT NULL,
  `id_venta` int(11) NOT NULL,
  `cantidad` int(11) NOT NULL,
  `descuento` decimal(10,2) NOT NULL DEFAULT 0.00,
  `precio` decimal(10,2) NOT NULL,
  `total` decimal(10,2) NOT NULL DEFAULT 0.00
) ENGINE=InnoDB DEFAULT CHARSET=utf8mb4 COLLATE=utf8mb4_general_ci;

--
-- Volcado de datos para la tabla `detalle_venta`
--

INSERT INTO `detalle_venta` (`id`, `id_producto`, `id_venta`, `cantidad`, `descuento`, `precio`, `total`) VALUES
(2, 2, 2, 3, 0.24, 4.00, 11.76),
(4, 3, 4, 12, 0.00, 5.00, 60.00),
(5, 5, 5, 5, 0.00, 5.00, 25.00),
(6, 2, 6, 10, 0.00, 4.00, 40.00),
(7, 2, 7, 10, 0.00, 4.00, 40.00),
(8, 2, 8, 10, 0.80, 4.00, 39.20),
(9, 3, 9, 10, 0.00, 5.00, 50.00);

-- --------------------------------------------------------

--
-- Estructura de tabla para la tabla `laboratorios`
--

CREATE TABLE `laboratorios` (
  `id` int(11) NOT NULL,
  `laboratorio` varchar(100) NOT NULL,
  `direccion` varchar(50) NOT NULL
) ENGINE=InnoDB DEFAULT CHARSET=utf8mb4 COLLATE=utf8mb4_general_ci;

--
-- Volcado de datos para la tabla `laboratorios`
--

INSERT INTO `laboratorios` (`id`, `laboratorio`, `direccion`) VALUES
(1, 'Lab bagó', 'av. alemana b/'),
(2, 'lab inti', 'av'),
(3, 'Nuevo', 'Av. Nuevo B/Nuevo');

-- --------------------------------------------------------

--
-- Estructura de tabla para la tabla `permisos`
--

CREATE TABLE `permisos` (
  `id` int(11) NOT NULL,
  `nombre` varchar(30) NOT NULL
) ENGINE=InnoDB DEFAULT CHARSET=utf8mb4 COLLATE=utf8mb4_general_ci;

--
-- Volcado de datos para la tabla `permisos`
--

INSERT INTO `permisos` (`id`, `nombre`) VALUES
(1, 'configuración'),
(2, 'usuarios'),
(3, 'clientes'),
(4, 'productos'),
(5, 'ventas'),
(6, 'nueva_venta'),
(7, 'tipos'),
(8, 'presentacion'),
(9, 'laboratorios'),
(10, 'proveedor');

-- --------------------------------------------------------

--
-- Estructura de tabla para la tabla `presentacion`
--

CREATE TABLE `presentacion` (
  `id` int(11) NOT NULL,
  `nombre` varchar(100) NOT NULL,
  `nombre_corto` varchar(10) NOT NULL
) ENGINE=InnoDB DEFAULT CHARSET=utf8mb4 COLLATE=utf8mb4_general_ci;

--
-- Volcado de datos para la tabla `presentacion`
--

INSERT INTO `presentacion` (`id`, `nombre`, `nombre_corto`) VALUES
(1, 'Solido', 'Medicament'),
(2, 'Nuevo', 'Nuevo'),
(3, 'Nuevo1', 'Abc');

-- --------------------------------------------------------

--
-- Estructura de tabla para la tabla `producto`
--

CREATE TABLE `producto` (
  `codproducto` int(11) NOT NULL,
  `codigo` varchar(20) NOT NULL,
  `descripcion` varchar(200) NOT NULL,
  `precio` decimal(10,2) NOT NULL,
  `existencia` int(11) NOT NULL,
  `id_lab` int(11) NOT NULL,
  `id_presentacion` int(11) NOT NULL,
  `id_tipo` int(11) NOT NULL,
  `id_proveedor` int(11) DEFAULT NULL,
  `vencimiento` varchar(20) DEFAULT NULL
) ENGINE=InnoDB DEFAULT CHARSET=utf8 COLLATE=utf8_spanish_ci;

--
-- Volcado de datos para la tabla `producto`
--

INSERT INTO `producto` (`codproducto`, `codigo`, `descripcion`, `precio`, `existencia`, `id_lab`, `id_presentacion`, `id_tipo`, `id_proveedor`, `vencimiento`) VALUES
(1, 'COD01', 'Paracetamol', 4.00, 1, 1, 1, 1, 3, '2025-06-30'),
(2, 'COD02', 'Paracetamol 500Mg', 4.00, 100, 1, 1, 1, 3, '2025-06-10'),
(3, 'COD03', 'Resfrianex', 5.00, 78, 1, 1, 2, 3, '2025-06-20'),
(4, 'COD04', 'Ibuprofeno', 4.00, 100, 1, 1, 2, 4, '2025-06-14'),
(5, 'COD05', 'Dolor De Muelas', 5.00, 2, 1, 1, 2, 4, '2027-07-24'),
(7, 'COD07', 'Alcohol Isopropílico', 5.00, 255, 2, 1, 5, 4, '2025-05-29'),
(8, 'COD08', 'Marihuana Medicinal', 3.00, 133, 1, 1, 1, 1, '2025-06-26'),
(9, 'COD09', 'Pasta Base', 100.00, 100, 2, 1, 5, 1, '2027-06-24');

-- --------------------------------------------------------

--
-- Estructura de tabla para la tabla `proveedor`
--

CREATE TABLE `proveedor` (
  `id_proveedor` int(11) NOT NULL,
  `nombre` varchar(100) NOT NULL,
  `telefono` varchar(20) DEFAULT NULL,
  `email` varchar(100) DEFAULT NULL,
  `direccion` varchar(200) DEFAULT NULL
) ENGINE=InnoDB DEFAULT CHARSET=utf8 COLLATE=utf8_spanish_ci;

--
-- Volcado de datos para la tabla `proveedor`
--

INSERT INTO `proveedor` (`id_proveedor`, `nombre`, `telefono`, `email`, `direccion`) VALUES
(1, 'Juan', '3254454', 'juan@gmail.com', 'av. las salles'),
(3, 'Pedro', '68767546', 'example@gmail.com', 'Av. No Se'),
(4, 'Jesus', '8789787', 'jesus@gmail.com', 'Av. Criy');

-- --------------------------------------------------------

--
-- Estructura de tabla para la tabla `tipos`
--

CREATE TABLE `tipos` (
  `id` int(11) NOT NULL,
  `tipo` varchar(50) NOT NULL
) ENGINE=InnoDB DEFAULT CHARSET=utf8mb4 COLLATE=utf8mb4_general_ci;

--
-- Volcado de datos para la tabla `tipos`
--

INSERT INTO `tipos` (`id`, `tipo`) VALUES
(1, 'Jarabe'),
(2, 'pastillas'),
(3, 'Polvo'),
(5, 'Supositorios'),
(8, 'Estupefacientes'),
(9, 'Nuevo1'),
(10, 'Nuevo2');

-- --------------------------------------------------------

--
-- Estructura de tabla para la tabla `usuario`
--

CREATE TABLE `usuario` (
  `idusuario` int(11) NOT NULL,
  `nombre` varchar(100) NOT NULL,
  `correo` varchar(100) NOT NULL,
  `usuario` varchar(20) NOT NULL,
  `clave` varchar(50) NOT NULL
) ENGINE=InnoDB DEFAULT CHARSET=utf8 COLLATE=utf8_spanish_ci;

--
-- Volcado de datos para la tabla `usuario`
--

INSERT INTO `usuario` (`idusuario`, `nombre`, `correo`, `usuario`, `clave`) VALUES
(1, 'Administrador', 'admin.info@gmail.com', 'admin', '21232f297a57a5a743894a0e4a801fc3'),
(9, 'Fabian', 'fabian@gmail.com', 'maria', '263bce650e68ab4e23f28263760b9fa5'),
(12, 'Jhonny', 'jhonny@gmail.com', 'jhonny', '202cb962ac59075b964b07152d234b70'),
(13, 'Felipe', 'example@gmail.com', 'felipe', '202cb962ac59075b964b07152d234b70');

-- --------------------------------------------------------

--
-- Estructura de tabla para la tabla `ventas`
--

CREATE TABLE `ventas` (
  `id` int(11) NOT NULL,
  `id_cliente` int(11) NOT NULL,
  `total` decimal(10,2) NOT NULL,
  `id_usuario` int(11) NOT NULL,
  `fecha` timestamp NOT NULL DEFAULT current_timestamp() ON UPDATE current_timestamp()
) ENGINE=InnoDB DEFAULT CHARSET=utf8mb4 COLLATE=utf8mb4_general_ci;

--
-- Volcado de datos para la tabla `ventas`
--

INSERT INTO `ventas` (`id`, `id_cliente`, `total`, `id_usuario`, `fecha`) VALUES
(2, 1, 11.76, 1, '2025-05-28 22:00:56'),
(4, 2, 60.00, 1, '2025-05-29 22:25:01'),
(5, 1, 25.00, 1, '2025-05-30 00:18:34'),
(6, 1, 40.00, 1, '2025-06-01 19:47:13'),
(7, 1, 40.00, 1, '2025-06-01 20:36:06'),
(8, 1, 39.20, 1, '2025-06-01 21:46:53'),
(9, 2, 50.00, 1, '2025-06-01 22:28:55');

--
-- Índices para tablas volcadas
--

--
-- Indices de la tabla `cliente`
--
ALTER TABLE `cliente`
  ADD PRIMARY KEY (`idcliente`);

--
-- Indices de la tabla `configuracion`
--
ALTER TABLE `configuracion`
  ADD PRIMARY KEY (`id`);

--
-- Indices de la tabla `detalle_permisos`
--
ALTER TABLE `detalle_permisos`
  ADD PRIMARY KEY (`id`),
  ADD KEY `id_permiso` (`id_permiso`),
  ADD KEY `id_usuario` (`id_usuario`);

--
-- Indices de la tabla `detalle_temp`
--
ALTER TABLE `detalle_temp`
  ADD PRIMARY KEY (`id`),
  ADD KEY `id_usuario` (`id_usuario`),
  ADD KEY `id_producto` (`id_producto`);

--
-- Indices de la tabla `detalle_venta`
--
ALTER TABLE `detalle_venta`
  ADD PRIMARY KEY (`id`),
  ADD KEY `id_producto` (`id_producto`),
  ADD KEY `id_venta` (`id_venta`);

--
-- Indices de la tabla `laboratorios`
--
ALTER TABLE `laboratorios`
  ADD PRIMARY KEY (`id`);

--
-- Indices de la tabla `permisos`
--
ALTER TABLE `permisos`
  ADD PRIMARY KEY (`id`);

--
-- Indices de la tabla `presentacion`
--
ALTER TABLE `presentacion`
  ADD PRIMARY KEY (`id`);

--
-- Indices de la tabla `producto`
--
ALTER TABLE `producto`
  ADD PRIMARY KEY (`codproducto`),
  ADD KEY `fk_producto_proveedor` (`id_proveedor`);

--
-- Indices de la tabla `proveedor`
--
ALTER TABLE `proveedor`
  ADD PRIMARY KEY (`id_proveedor`);

--
-- Indices de la tabla `tipos`
--
ALTER TABLE `tipos`
  ADD PRIMARY KEY (`id`);

--
-- Indices de la tabla `usuario`
--
ALTER TABLE `usuario`
  ADD PRIMARY KEY (`idusuario`);

--
-- Indices de la tabla `ventas`
--
ALTER TABLE `ventas`
  ADD PRIMARY KEY (`id`),
  ADD KEY `id_usuario` (`id_usuario`),
  ADD KEY `id_cliente` (`id_cliente`);

--
-- AUTO_INCREMENT de las tablas volcadas
--

--
-- AUTO_INCREMENT de la tabla `cliente`
--
ALTER TABLE `cliente`
  MODIFY `idcliente` int(11) NOT NULL AUTO_INCREMENT, AUTO_INCREMENT=3;

--
-- AUTO_INCREMENT de la tabla `configuracion`
--
ALTER TABLE `configuracion`
  MODIFY `id` int(11) NOT NULL AUTO_INCREMENT, AUTO_INCREMENT=2;

--
-- AUTO_INCREMENT de la tabla `detalle_permisos`
--
ALTER TABLE `detalle_permisos`
  MODIFY `id` int(11) NOT NULL AUTO_INCREMENT, AUTO_INCREMENT=6;

--
-- AUTO_INCREMENT de la tabla `detalle_temp`
--
ALTER TABLE `detalle_temp`
  MODIFY `id` int(11) NOT NULL AUTO_INCREMENT, AUTO_INCREMENT=51;

--
-- AUTO_INCREMENT de la tabla `detalle_venta`
--
ALTER TABLE `detalle_venta`
  MODIFY `id` int(11) NOT NULL AUTO_INCREMENT, AUTO_INCREMENT=10;

--
-- AUTO_INCREMENT de la tabla `laboratorios`
--
ALTER TABLE `laboratorios`
  MODIFY `id` int(11) NOT NULL AUTO_INCREMENT, AUTO_INCREMENT=4;

--
-- AUTO_INCREMENT de la tabla `permisos`
--
ALTER TABLE `permisos`
  MODIFY `id` int(11) NOT NULL AUTO_INCREMENT, AUTO_INCREMENT=11;

--
-- AUTO_INCREMENT de la tabla `presentacion`
--
ALTER TABLE `presentacion`
  MODIFY `id` int(11) NOT NULL AUTO_INCREMENT, AUTO_INCREMENT=4;

--
-- AUTO_INCREMENT de la tabla `producto`
--
ALTER TABLE `producto`
  MODIFY `codproducto` int(11) NOT NULL AUTO_INCREMENT, AUTO_INCREMENT=10;

--
-- AUTO_INCREMENT de la tabla `proveedor`
--
ALTER TABLE `proveedor`
  MODIFY `id_proveedor` int(11) NOT NULL AUTO_INCREMENT, AUTO_INCREMENT=5;

--
-- AUTO_INCREMENT de la tabla `tipos`
--
ALTER TABLE `tipos`
  MODIFY `id` int(11) NOT NULL AUTO_INCREMENT, AUTO_INCREMENT=11;

--
-- AUTO_INCREMENT de la tabla `usuario`
--
ALTER TABLE `usuario`
  MODIFY `idusuario` int(11) NOT NULL AUTO_INCREMENT, AUTO_INCREMENT=14;

--
-- AUTO_INCREMENT de la tabla `ventas`
--
ALTER TABLE `ventas`
  MODIFY `id` int(11) NOT NULL AUTO_INCREMENT, AUTO_INCREMENT=10;

--
-- Restricciones para tablas volcadas
--

--
-- Filtros para la tabla `detalle_permisos`
--
ALTER TABLE `detalle_permisos`
  ADD CONSTRAINT `detalle_permisos_ibfk_1` FOREIGN KEY (`id_permiso`) REFERENCES `permisos` (`id`) ON DELETE CASCADE ON UPDATE CASCADE,
  ADD CONSTRAINT `detalle_permisos_ibfk_2` FOREIGN KEY (`id_usuario`) REFERENCES `usuario` (`idusuario`) ON DELETE CASCADE ON UPDATE CASCADE;

--
-- Filtros para la tabla `detalle_temp`
--
ALTER TABLE `detalle_temp`
  ADD CONSTRAINT `detalle_temp_ibfk_1` FOREIGN KEY (`id_producto`) REFERENCES `producto` (`codproducto`) ON DELETE CASCADE ON UPDATE CASCADE,
  ADD CONSTRAINT `detalle_temp_ibfk_2` FOREIGN KEY (`id_usuario`) REFERENCES `usuario` (`idusuario`) ON DELETE CASCADE ON UPDATE CASCADE;

--
-- Filtros para la tabla `detalle_venta`
--
ALTER TABLE `detalle_venta`
  ADD CONSTRAINT `detalle_venta_ibfk_1` FOREIGN KEY (`id_producto`) REFERENCES `producto` (`codproducto`) ON DELETE CASCADE ON UPDATE CASCADE,
  ADD CONSTRAINT `detalle_venta_ibfk_2` FOREIGN KEY (`id_venta`) REFERENCES `ventas` (`id`) ON DELETE CASCADE ON UPDATE CASCADE;

--
-- Filtros para la tabla `producto`
--
ALTER TABLE `producto`
  ADD CONSTRAINT `fk_producto_proveedor` FOREIGN KEY (`id_proveedor`) REFERENCES `proveedor` (`id_proveedor`) ON DELETE SET NULL ON UPDATE CASCADE;

--
-- Filtros para la tabla `ventas`
--
ALTER TABLE `ventas`
  ADD CONSTRAINT `ventas_ibfk_1` FOREIGN KEY (`id_cliente`) REFERENCES `cliente` (`idcliente`) ON DELETE CASCADE ON UPDATE CASCADE,
  ADD CONSTRAINT `ventas_ibfk_2` FOREIGN KEY (`id_usuario`) REFERENCES `usuario` (`idusuario`) ON DELETE CASCADE ON UPDATE CASCADE;
COMMIT;

/*!40101 SET CHARACTER_SET_CLIENT=@OLD_CHARACTER_SET_CLIENT */;
/*!40101 SET CHARACTER_SET_RESULTS=@OLD_CHARACTER_SET_RESULTS */;
/*!40101 SET COLLATION_CONNECTION=@OLD_COLLATION_CONNECTION */;
